FrontPosition,Param,Algorithm,accuracy,ari,f1,v_measure,accuracy_negate,ari_negate,f1_negate,v_measure_negate,NormalisedFrontPosition
0,28,flowsom,0.8726314115502709,0.8686412112773987,0.5312074000000001,0.8514113954366785,-0.8726314115502709,-0.8686412112773987,-0.5312074000000001,-0.8514113954366785,0.0
0,44,flowsom,0.8710533719891862,0.8587996476969633,0.5598635000000001,0.8458868731571545,-0.8710533719891862,-0.8587996476969633,-0.5598635000000001,-0.8458868731571545,0.0
0,15,flowsom,0.8692551408614383,0.8436138308305091,0.5772309,0.8459406615802544,-0.8692551408614383,-0.8436138308305091,-0.5772309,-0.8459406615802544,0.0
0,41,flowsom,0.8565818929135014,0.8505028157183621,0.5731231,0.8362219652853425,-0.8565818929135014,-0.8505028157183621,-0.5731231,-0.8362219652853425,0.0
0,84,flowsom,0.8337676000342521,0.848254359694718,0.5721999,0.8433035097370993,-0.8337676000342521,-0.848254359694718,-0.5721999,-0.8433035097370993,0.0
0,3,flowsom,0.8055586137717592,0.826633480709734,0.5772384,0.8273026294308808,-0.8055586137717592,-0.826633480709734,-0.5772384,-0.8273026294308808,0.0
0,49,chronoclust,0.7703279631056797,0.7981281605581014,0.6105785857956461,0.8400470996032755,-0.7703279631056797,-0.7981281605581014,-0.6105785857956461,-0.8400470996032755,0.0
0,66,chronoclust,0.7391219249636072,0.8205090069924582,0.596124422060104,0.8413002559318588,-0.7391219249636072,-0.8205090069924582,-0.596124422060104,-0.8413002559318588,0.0
1,76,flowsom,0.8562026741042484,0.8416851028913771,0.5128535,0.8437414148527569,-0.8562026741042484,-0.8416851028913771,-0.5128535,-0.8437414148527569,0.03125
1,88,flowsom,0.8531322250357811,0.8481492196120642,0.5659164000000001,0.8339221596854128,-0.8531322250357811,-0.8481492196120642,-0.5659164000000001,-0.8339221596854128,0.03125
1,14,flowsom,0.8526796090376405,0.8486731408966353,0.5660786,0.8338367024256259,-0.8526796090376405,-0.8486731408966353,-0.5660786,-0.8338367024256259,0.03125
1,30,flowsom,0.8477008330580938,0.8367693188408555,0.5312748,0.8378570010954783,-0.8477008330580938,-0.8367693188408555,-0.5312748,-0.8378570010954783,0.03125
1,18,flowsom,0.8342079831675779,0.7997315088255184,0.5738629,0.8236315000529665,-0.8342079831675779,-0.7997315088255184,-0.5738629,-0.8236315000529665,0.03125
1,38,flowsom,0.8310396711805937,0.8367309955559935,0.5365733,0.8371207432446668,-0.8310396711805937,-0.8367309955559935,-0.5365733,-0.8371207432446668,0.03125
1,33,flowsom,0.8233329663473891,0.8411514995207182,0.5694374,0.8384140760500133,-0.8233329663473891,-0.8411514995207182,-0.5694374,-0.8384140760500133,0.03125
1,27,flowsom,0.7899984097275741,0.8232778836212045,0.5705256999999999,0.8181068210398321,-0.7899984097275741,-0.8232778836212045,-0.5705256999999999,-0.8181068210398321,0.03125
1,36,flowsom,0.7846037163443307,0.8104867833448962,0.5722413000000001,0.8164852230060561,-0.7846037163443307,-0.8104867833448962,-0.5722413000000001,-0.8164852230060561,0.03125
1,57,flowsom,0.7846037163443307,0.8104867833448962,0.5722413000000001,0.8164852230060561,-0.7846037163443307,-0.8104867833448962,-0.5722413000000001,-0.8164852230060561,0.03125
1,50,chronoclust,0.7147662911177168,0.7561227087067286,0.5789704940231128,0.8186752408164993,-0.7147662911177168,-0.7561227087067286,-0.5789704940231128,-0.8186752408164993,0.03125
2,5,flowsom,0.8348930235971962,0.8060484961716441,0.5419294,0.8279333319065587,-0.8348930235971962,-0.8060484961716441,-0.5419294,-0.8279333319065587,0.0625
2,50,flowsom,0.8268070999547384,0.8220583303898606,0.5474933000000001,0.8298279608971971,-0.8268070999547384,-0.8220583303898606,-0.5474933000000001,-0.8298279608971971,0.0625
2,53,flowsom,0.8065861744161865,0.8335954991885607,0.5633819,0.8294746618252749,-0.8065861744161865,-0.8335954991885607,-0.5633819,-0.8294746618252749,0.0625
2,40,flowsom,0.7955276646237782,0.7893696991585255,0.5028321,0.8379066102135918,-0.7955276646237782,-0.7893696991585255,-0.5028321,-0.8379066102135918,0.0625
2,64,flowsom,0.7954787331645198,0.792372032256083,0.49512920000000005,0.8328541239630117,-0.7954787331645198,-0.792372032256083,-0.49512920000000005,-0.8328541239630117,0.0625
2,12,flowsom,0.7954787331645198,0.792372032256083,0.49512920000000005,0.8328541239630117,-0.7954787331645198,-0.792372032256083,-0.49512920000000005,-0.8328541239630117,0.0625
2,23,flowsom,0.788334740112787,0.8145964096872574,0.5655142,0.824808714888471,-0.788334740112787,-0.8145964096872574,-0.5655142,-0.824808714888471,0.0625
2,74,flowsom,0.7808726925758743,0.8036127017141329,0.5680555,0.8194122655361192,-0.7808726925758743,-0.8036127017141329,-0.5680555,-0.8194122655361192,0.0625
2,74,chronoclust,0.7343021762266505,0.8240586721764162,0.5301088483070129,0.8369242611190215,-0.7343021762266505,-0.8240586721764162,-0.5301088483070129,-0.8369242611190215,0.0625
3,70,flowsom,0.8122744565549807,0.813972913489725,0.5288155,0.8238314492984704,-0.8122744565549807,-0.813972913489725,-0.5288155,-0.8238314492984704,0.09375
3,16,flowsom,0.811320293099441,0.8030761617755976,0.5432909,0.8134709275044862,-0.811320293099441,-0.8030761617755976,-0.5432909,-0.8134709275044862,0.09375
3,86,flowsom,0.8029407807014325,0.7855782040458711,0.5382937,0.8198485293675547,-0.8029407807014325,-0.7855782040458711,-0.5382937,-0.8198485293675547,0.09375
3,52,flowsom,0.8012526453570161,0.8059266515252429,0.529099,0.8211319252761716,-0.8012526453570161,-0.8059266515252429,-0.529099,-0.8211319252761716,0.09375
3,43,flowsom,0.7996501400663021,0.8248207062775639,0.5620295,0.8253742944646784,-0.7996501400663021,-0.8248207062775639,-0.5620295,-0.8253742944646784,0.09375
3,21,flowsom,0.7945368025737948,0.7854332440582673,0.49948170000000003,0.836071549232035,-0.7945368025737948,-0.7854332440582673,-0.49948170000000003,-0.836071549232035,0.09375
3,8,flowsom,0.7783037909648061,0.7759733053821934,0.5238362,0.8285626790145403,-0.7783037909648061,-0.7759733053821934,-0.5238362,-0.8285626790145403,0.09375
4,13,flowsom,0.8104272939679743,0.8030123224508345,0.520875,0.8134279679929973,-0.8104272939679743,-0.8030123224508345,-0.520875,-0.8134279679929973,0.125
4,94,flowsom,0.8102804995901991,0.7956465607556138,0.5250637,0.8172013852565851,-0.8102804995901991,-0.7956465607556138,-0.5250637,-0.8172013852565851,0.125
4,59,flowsom,0.7917966408553219,0.8061562038207988,0.5421163,0.8189442308187561,-0.7917966408553219,-0.8061562038207988,-0.5421163,-0.8189442308187561,0.125
4,79,flowsom,0.7909892717775576,0.7861725856637855,0.5436505,0.8149637984426907,-0.7909892717775576,-0.7861725856637855,-0.5436505,-0.8149637984426907,0.125
4,90,flowsom,0.7906834501571923,0.7864449751355443,0.5527696999999999,0.8145417096203517,-0.7906834501571923,-0.7864449751355443,-0.5527696999999999,-0.8145417096203517,0.125
4,49,flowsom,0.7906345186979339,0.7864498214243103,0.5556882,0.8143026390238965,-0.7906345186979339,-0.7864498214243103,-0.5556882,-0.8143026390238965,0.125
4,46,flowsom,0.7872949466035452,0.8056806738643076,0.5532216,0.8252525548981489,-0.7872949466035452,-0.8056806738643076,-0.5532216,-0.8252525548981489,0.125
4,1,flowsom,0.7849707022887691,0.8140318402388776,0.5417056,0.8156656381565006,-0.7849707022887691,-0.8140318402388776,-0.5417056,-0.8156656381565006,0.125
4,56,flowsom,0.7827076222980659,0.8042076769828005,0.5597474,0.8207615149791448,-0.7827076222980659,-0.8042076769828005,-0.5597474,-0.8207615149791448,0.125
4,63,chronoclust,0.7471589171468066,0.8211310913407378,0.532435153847476,0.8221379375846233,-0.7471589171468066,-0.8211310913407378,-0.532435153847476,-0.8221379375846233,0.125
5,31,flowsom,0.7912706276682936,0.8010361263658237,0.5364015000000001,0.8180137165741557,-0.7912706276682936,-0.8010361263658237,-0.5364015000000001,-0.8180137165741557,0.15625
5,61,flowsom,0.7847015792628476,0.8042169797975361,0.5348465,0.8140528193514509,-0.7847015792628476,-0.8042169797975361,-0.5348465,-0.8140528193514509,0.15625
5,4,flowsom,0.7833437312684257,0.804114626547587,0.5359893,0.8130641477113474,-0.7833437312684257,-0.804114626547587,-0.5359893,-0.8130641477113474,0.15625
5,60,flowsom,0.7822305405702962,0.7946381772216168,0.5445385,0.8108069515870983,-0.7822305405702962,-0.7946381772216168,-0.5445385,-0.8108069515870983,0.15625
5,82,flowsom,0.7822305405702962,0.7946381772216168,0.5445385,0.8108069515870983,-0.7822305405702962,-0.7946381772216168,-0.5445385,-0.8108069515870983,0.15625
5,37,flowsom,0.7821571433814085,0.799707582892895,0.5342853,0.8185350360012312,-0.7821571433814085,-0.799707582892895,-0.5342853,-0.8185350360012312,0.15625
5,45,flowsom,0.7801387206869976,0.7842125725796674,0.5445988,0.8047472300513541,-0.7801387206869976,-0.7842125725796674,-0.5445988,-0.8047472300513541,0.15625
5,77,flowsom,0.7657895702594592,0.7854759984886187,0.5463395999999999,0.8099774489561965,-0.7657895702594592,-0.7854759984886187,-0.5463395999999999,-0.8099774489561965,0.15625
5,95,flowsom,0.7602113839039965,0.7671543442897059,0.49054430000000004,0.8242261898590508,-0.7602113839039965,-0.7671543442897059,-0.49054430000000004,-0.8242261898590508,0.15625
5,9,flowsom,0.7597465350410413,0.7672490626954163,0.48980150000000006,0.8247694598140248,-0.7597465350410413,-0.7672490626954163,-0.48980150000000006,-0.8247694598140248,0.15625
5,29,flowsom,0.753434376796702,0.7652919399079768,0.5536404,0.8022418951127784,-0.753434376796702,-0.7652919399079768,-0.5536404,-0.8022418951127784,0.15625
5,83,flowsom,0.753434376796702,0.7652919399079768,0.5536404,0.8022418951127784,-0.753434376796702,-0.7652919399079768,-0.5536404,-0.8022418951127784,0.15625
5,75,flowsom,0.7125521425862723,0.7224218467581266,0.5543054000000001,0.7928248670527376,-0.7125521425862723,-0.7224218467581266,-0.5543054000000001,-0.7928248670527376,0.15625
6,11,flowsom,0.7896436566479503,0.7853142626564233,0.5275605999999999,0.8162667042964746,-0.7896436566479503,-0.7853142626564233,-0.5275605999999999,-0.8162667042964746,0.1875
6,48,flowsom,0.7761385738926199,0.7746977256282734,0.5344973000000001,0.8024795632127149,-0.7761385738926199,-0.7746977256282734,-0.5344973000000001,-0.8024795632127149,0.1875
6,91,flowsom,0.7761385738926199,0.7746977256282734,0.5344973000000001,0.8024795632127149,-0.7761385738926199,-0.7746977256282734,-0.5344973000000001,-0.8024795632127149,0.1875
6,51,flowsom,0.7743648084945013,0.7888680792949002,0.5291259,0.8053160081708141,-0.7743648084945013,-0.7888680792949002,-0.5291259,-0.8053160081708141,0.1875
6,97,flowsom,0.7718937698019499,0.7984958674575536,0.5361343000000001,0.8068017504674324,-0.7718937698019499,-0.7984958674575536,-0.5361343000000001,-0.8068017504674324,0.1875
6,68,flowsom,0.7618628206539689,0.7812268850102759,0.5306597,0.8078783292478071,-0.7618628206539689,-0.7812268850102759,-0.5306597,-0.8078783292478071,0.1875
6,42,flowsom,0.7520153644782072,0.7231548634064439,0.45938029999999996,0.8173350093503879,-0.7520153644782072,-0.7231548634064439,-0.45938029999999996,-0.8173350093503879,0.1875
6,39,flowsom,0.7154635644121496,0.7352332068140327,0.5518021,0.7889779847878119,-0.7154635644121496,-0.7352332068140327,-0.5518021,-0.7889779847878119,0.1875
6,11,chronoclust,0.6464579739929294,0.72740927573063,0.528401952344027,0.8115349932458219,-0.6464579739929294,-0.72740927573063,-0.528401952344027,-0.8115349932458219,0.1875
7,66,flowsom,0.7668660623631448,0.7620536549538721,0.4589661,0.8101867251504921,-0.7668660623631448,-0.7620536549538721,-0.4589661,-0.8101867251504921,0.21875
7,81,flowsom,0.7625356282187725,0.7811432302454449,0.5104860999999999,0.8034686939346453,-0.7625356282187725,-0.7811432302454449,-0.5104860999999999,-0.8034686939346453,0.21875
7,62,flowsom,0.7613001088724969,0.7826411987146284,0.519983,0.8020656416524217,-0.7613001088724969,-0.7826411987146284,-0.519983,-0.8020656416524217,0.21875
7,65,flowsom,0.7547677590614946,0.7471206394775812,0.5273285,0.7991495877851637,-0.7547677590614946,-0.7471206394775812,-0.5273285,-0.7991495877851637,0.21875
7,69,flowsom,0.7456909733690533,0.7557280820154327,0.47710290000000005,0.8053586644978203,-0.7456909733690533,-0.7557280820154327,-0.47710290000000005,-0.8053586644978203,0.21875
7,96,flowsom,0.7378007755636292,0.7539612548774923,0.4779638,0.8151571550530995,-0.7378007755636292,-0.7539612548774923,-0.4779638,-0.8151571550530995,0.21875
7,55,flowsom,0.737715145509927,0.754413455880452,0.4841326,0.8147376644845942,-0.737715145509927,-0.754413455880452,-0.4841326,-0.8147376644845942,0.21875
7,80,flowsom,0.6791808873720137,0.6669104457097779,0.5448269,0.7746804713853256,-0.6791808873720137,-0.6669104457097779,-0.5448269,-0.7746804713853256,0.21875
7,48,chronoclust,0.6610028502575018,0.7306350585544013,0.5357192277786179,0.8056317225870679,-0.6610028502575018,-0.7306350585544013,-0.5357192277786179,-0.8056317225870679,0.21875
7,69,chronoclust,0.6514734485669199,0.7191016587622258,0.523020187774755,0.8095247233021035,-0.6514734485669199,-0.7191016587622258,-0.523020187774755,-0.8095247233021035,0.21875
8,63,flowsom,0.7576914137521866,0.7759254968360468,0.518728,0.8011614941634017,-0.7576914137521866,-0.7759254968360468,-0.518728,-0.8011614941634017,0.25
8,89,flowsom,0.7479051219004978,0.7405765403366713,0.5259863,0.795401566533815,-0.7479051219004978,-0.7405765403366713,-0.5259863,-0.795401566533815,0.25
8,67,flowsom,0.7229745434083208,0.7008477633540059,0.4203639,0.8095287042660442,-0.7229745434083208,-0.7008477633540059,-0.4203639,-0.8095287042660442,0.25
8,73,flowsom,0.7212130108750168,0.6983433561937746,0.4470332,0.8079282530617643,-0.7212130108750168,-0.6983433561937746,-0.4470332,-0.8079282530617643,0.25
8,17,flowsom,0.7194759440713421,0.6938348753748599,0.4529754,0.8089073802396521,-0.7194759440713421,-0.6938348753748599,-0.4529754,-0.8089073802396521,0.25
8,71,flowsom,0.7144360037677223,0.6992809749245468,0.4416744000000001,0.8032788982578913,-0.7144360037677223,-0.6992809749245468,-0.4416744000000001,-0.8032788982578913,0.25
8,6,chronoclust,0.6275214992599116,0.6990260986777199,0.531511341221096,0.7972588610598954,-0.6275214992599116,-0.6990260986777199,-0.531511341221096,-0.7972588610598954,0.25
9,35,flowsom,0.7478928890356833,0.7405530128672598,0.5254669,0.7952255925376157,-0.7478928890356833,-0.7405530128672598,-0.5254669,-0.7952255925376157,0.28125
9,19,flowsom,0.6905574516496018,0.6660652461184555,0.3921039,0.801886822962795,-0.6905574516496018,-0.6660652461184555,-0.3921039,-0.801886822962795,0.28125
9,98,flowsom,0.6902638628940512,0.6614948240158853,0.4076103,0.7987084203434764,-0.6902638628940512,-0.6614948240158853,-0.4076103,-0.7987084203434764,0.28125
9,32,flowsom,0.6861903189107857,0.6657128046072771,0.4057788,0.7964520395901055,-0.6861903189107857,-0.6657128046072771,-0.4057788,-0.7964520395901055,0.28125
9,77,chronoclust,0.6140041836397666,0.7291090551364381,0.505383672230424,0.7958005352618388,-0.6140041836397666,-0.7291090551364381,-0.505383672230424,-0.7958005352618388,0.28125
10,65,chronoclust,0.701053249660538,0.6933510509625274,0.423705634502164,0.7747310607371859,-0.701053249660538,-0.6933510509625274,-0.423705634502164,-0.7747310607371859,0.3125
10,7,flowsom,0.6834134585978691,0.6603074309546895,0.4123418,0.7946931335465836,-0.6834134585978691,-0.6603074309546895,-0.4123418,-0.7946931335465836,0.3125
10,34,flowsom,0.6822635693052956,0.6620582348841563,0.3653757,0.7931368807063202,-0.6822635693052956,-0.6620582348841563,-0.3653757,-0.7931368807063202,0.3125
10,78,flowsom,0.6821167749275203,0.661264212439552,0.38186929999999997,0.7930797322547306,-0.6821167749275203,-0.661264212439552,-0.38186929999999997,-0.7930797322547306,0.3125
10,20,flowsom,0.6818843504960427,0.6611500674602059,0.3828566,0.7926256293358025,-0.6818843504960427,-0.6611500674602059,-0.3828566,-0.7926256293358025,0.3125
10,85,flowsom,0.6786181755905415,0.6625023228995577,0.3770025,0.7918900441337271,-0.6786181755905415,-0.6625023228995577,-0.3770025,-0.7918900441337271,0.3125
10,93,flowsom,0.6766242186257599,0.6641650982813724,0.38176209999999994,0.7816748205868471,-0.6766242186257599,-0.6641650982813724,-0.38176209999999994,-0.7816748205868471,0.3125
10,92,flowsom,0.6761716026276193,0.662077888686768,0.381235,0.7955341481579462,-0.6761716026276193,-0.662077888686768,-0.381235,-0.7955341481579462,0.3125
10,58,flowsom,0.675645589440591,0.6607425763789282,0.3995154,0.7962468428855081,-0.675645589440591,-0.6607425763789282,-0.3995154,-0.7962468428855081,0.3125
10,32,chronoclust,0.5881683731513083,0.5864041710025673,0.46003801503301295,0.7307654873554528,-0.5881683731513083,-0.5864041710025673,-0.46003801503301295,-0.7307654873554528,0.3125
10,54,chronoclust,0.5810610786940194,0.6403535400526752,0.489703689209242,0.7895134683049029,-0.5810610786940194,-0.6403535400526752,-0.489703689209242,-0.7895134683049029,0.3125
11,26,chronoclust,0.6973222258920817,0.6822547760016366,0.400985415265109,0.7729166974564738,-0.6973222258920817,-0.6822547760016366,-0.400985415265109,-0.7729166974564738,0.34375
11,87,flowsom,0.6790952573183113,0.6601630450414138,0.37019650000000004,0.7932385447940593,-0.6790952573183113,-0.6601630450414138,-0.37019650000000004,-0.7932385447940593,0.34375
11,72,flowsom,0.6773459576498221,0.6575884351682864,0.39741509999999997,0.7910075870184708,-0.6773459576498221,-0.6575884351682864,-0.39741509999999997,-0.7910075870184708,0.34375
11,47,flowsom,0.6753764664146696,0.655154810546416,0.3518737,0.7945173119606804,-0.6753764664146696,-0.655154810546416,-0.3518737,-0.7945173119606804,0.34375
11,25,flowsom,0.6752419049017089,0.6604017763601049,0.33902,0.7907862335876567,-0.6752419049017089,-0.6604017763601049,-0.33902,-0.7907862335876567,0.34375
11,54,flowsom,0.6751318091183774,0.6598998143117255,0.3837837,0.7909739506627638,-0.6751318091183774,-0.6598998143117255,-0.3837837,-0.7909739506627638,0.34375
11,2,flowsom,0.6720613600499101,0.6559874306902967,0.40726540000000006,0.7928950709294572,-0.6720613600499101,-0.6559874306902967,-0.40726540000000006,-0.7928950709294572,0.34375
11,28,chronoclust,0.6504581207873071,0.5685076051751164,0.40927647401388506,0.7308456441570156,-0.6504581207873071,-0.5685076051751164,-0.40927647401388506,-0.7308456441570156,0.34375
11,40,chronoclust,0.5665895996183347,0.4332002946037703,0.478287424641185,0.7045800539081722,-0.5665895996183347,-0.4332002946037703,-0.478287424641185,-0.7045800539081722,0.34375
11,70,chronoclust,0.5663082437275986,0.6167452006181986,0.464452657039906,0.7656996715302354,-0.5663082437275986,-0.6167452006181986,-0.464452657039906,-0.7656996715302354,0.34375
11,6,flowsom,0.5641307937905978,0.5608868961939439,0.47634979999999993,0.7425463470352804,-0.5641307937905978,-0.5608868961939439,-0.47634979999999993,-0.7425463470352804,0.34375
12,100,flowsom,0.6755721922517034,0.6596636647747806,0.31946929999999996,0.7915461253048482,-0.6755721922517034,-0.6596636647747806,-0.31946929999999996,-0.7915461253048482,0.375
12,99,flowsom,0.6743122071757985,0.6537396087842615,0.327411,0.7916188374875199,-0.6743122071757985,-0.6537396087842615,-0.327411,-0.7916188374875199,0.375
12,10,flowsom,0.6743122071757985,0.6537396087842615,0.327411,0.7916188374875199,-0.6743122071757985,-0.6537396087842615,-0.327411,-0.7916188374875199,0.375
12,26,flowsom,0.6659571605074193,0.6546530069716061,0.39912990000000004,0.7897644906365263,-0.6659571605074193,-0.6546530069716061,-0.39912990000000004,-0.7897644906365263,0.375
12,3,chronoclust,0.5642898210331878,0.5127020241059124,0.4373965301383701,0.7127218929874181,-0.5642898210331878,-0.5127020241059124,-0.4373965301383701,-0.7127218929874181,0.375
12,82,chronoclust,0.5197254945135601,0.3735578497730251,0.45803464214253703,0.6819528372757061,-0.5197254945135601,-0.3735578497730251,-0.45803464214253703,-0.6819528372757061,0.375
12,61,chronoclust,0.5169730999302726,0.5894377947948699,0.44571695369016795,0.7528698891546388,-0.5169730999302726,-0.5894377947948699,-0.44571695369016795,-0.7528698891546388,0.375
13,22,flowsom,0.6722448530221292,0.6537794342680794,0.31764440000000005,0.7879603427069314,-0.6722448530221292,-0.6537794342680794,-0.31764440000000005,-0.7879603427069314,0.40625
13,24,flowsom,0.6691377053592181,0.6522981982297757,0.32729759999999997,0.7840278746335738,-0.6691377053592181,-0.6522981982297757,-0.32729759999999997,-0.7840278746335738,0.40625
13,56,chronoclust,0.5610236461276866,0.5113998894956568,0.38094782000217997,0.6796303177490033,-0.5610236461276866,-0.5113998894956568,-0.38094782000217997,-0.6796303177490033,0.40625
13,88,chronoclust,0.5080431086156066,0.4408914765493846,0.38979368632101796,0.6578710869909176,-0.5080431086156066,-0.4408914765493846,-0.38979368632101796,-0.6578710869909176,0.40625
13,99,chronoclust,0.4870637454585489,0.4872239513245864,0.436028665418901,0.7262581361324799,-0.4870637454585489,-0.4872239513245864,-0.436028665418901,-0.7262581361324799,0.40625
14,94,chronoclust,0.5152849645858564,0.4010598466236444,0.377765070486099,0.6508063113309459,-0.5152849645858564,-0.4010598466236444,-0.377765070486099,-0.6508063113309459,0.4375
14,95,chronoclust,0.4921281514917978,0.42692255379841104,0.174219583701335,0.5755743364648844,-0.4921281514917978,-0.42692255379841104,-0.174219583701335,-0.5755743364648844,0.4375
14,67,chronoclust,0.47995645100126,0.4547681572003642,0.4267248884324121,0.7178401318566969,-0.47995645100126,-0.4547681572003642,-0.4267248884324121,-0.7178401318566969,0.4375
14,90,chronoclust,0.4036356074229024,0.390683869941435,0.420946842097214,0.7192897625612472,-0.4036356074229024,-0.390683869941435,-0.420946842097214,-0.7192897625612472,0.4375
15,37,chronoclust,0.4913452481436628,0.34869320583061475,0.267699810025541,0.5759979560733939,-0.4913452481436628,-0.34869320583061475,-0.267699810025541,-0.5759979560733939,0.46875
15,14,chronoclust,0.465399341871873,0.4096599449642679,0.321293126906544,0.6340969635977579,-0.465399341871873,-0.4096599449642679,-0.321293126906544,-0.6340969635977579,0.46875
15,8,chronoclust,0.4621576326960011,0.343833636032401,0.379173717273115,0.621440283807614,-0.4621576326960011,-0.343833636032401,-0.379173717273115,-0.621440283807614,0.46875
15,91,chronoclust,0.4062289747635999,0.4049698305079944,0.4062793436468321,0.7119229598343889,-0.4062289747635999,-0.4049698305079944,-0.4062793436468321,-0.7119229598343889,0.46875
16,83,chronoclust,0.4620108383182258,0.3160406351130769,0.30644771176151303,0.5799460954741321,-0.4620108383182258,-0.3160406351130769,-0.30644771176151303,-0.5799460954741321,0.5
16,1,chronoclust,0.4515884374961772,0.3351083874764986,0.27071090391979,0.5515525456431367,-0.4515884374961772,-0.3351083874764986,-0.27071090391979,-0.5515525456431367,0.5
16,45,chronoclust,0.4367744382056834,0.25610933414992915,0.33848238048211404,0.5681981100410541,-0.4367744382056834,-0.25610933414992915,-0.33848238048211404,-0.5681981100410541,0.5
16,78,chronoclust,0.4198074547078181,0.2533417376605712,0.365714890876823,0.5676485025766247,-0.4198074547078181,-0.2533417376605712,-0.365714890876823,-0.5676485025766247,0.5
16,20,chronoclust,0.38664415819540776,0.3207380234509403,0.349969216857123,0.6725690763600429,-0.38664415819540776,-0.3207380234509403,-0.349969216857123,-0.6725690763600429,0.5
16,38,chronoclust,0.37101055696233504,0.3528739676765411,0.3539194135357279,0.6727926410512883,-0.37101055696233504,-0.3528739676765411,-0.3539194135357279,-0.6727926410512883,0.5
16,75,chronoclust,0.36154231959582617,0.3350946194841625,0.374749004375609,0.6914723537924756,-0.36154231959582617,-0.3350946194841625,-0.374749004375609,-0.6914723537924756,0.5
16,93,chronoclust,0.35853303485143184,0.3273712425717364,0.379967798967303,0.7000451075388509,-0.35853303485143184,-0.3273712425717364,-0.379967798967303,-0.7000451075388509,0.5
17,84,chronoclust,0.4357835761556999,0.2974875683742855,0.25057996685326,0.5036807970745844,-0.4357835761556999,-0.2974875683742855,-0.25057996685326,-0.5036807970745844,0.53125
17,72,chronoclust,0.4212142341614983,0.22316462515132776,0.25814516581439106,0.4824306306837814,-0.4212142341614983,-0.22316462515132776,-0.25814516581439106,-0.4824306306837814,0.53125
17,13,chronoclust,0.4188777569819076,0.3040287536547247,0.238639980502669,0.5089243160607199,-0.4188777569819076,-0.3040287536547247,-0.238639980502669,-0.5089243160607199,0.53125
17,7,chronoclust,0.3961735598859897,0.2336063206607957,0.341430337333622,0.5422289049177338,-0.3961735598859897,-0.2336063206607957,-0.341430337333622,-0.5422289049177338,0.53125
17,89,chronoclust,0.37701689358630897,0.2505170174272471,0.262850645811251,0.5585863328553683,-0.37701689358630897,-0.2505170174272471,-0.262850645811251,-0.5585863328553683,0.53125
17,96,chronoclust,0.30875750792078005,0.2561152307491373,0.323712364141914,0.6659462451492834,-0.30875750792078005,-0.2561152307491373,-0.323712364141914,-0.6659462451492834,0.53125
18,29,chronoclust,0.3819956695658556,0.2408251913887525,0.137930450093179,0.4679208322751202,-0.3819956695658556,-0.2408251913887525,-0.137930450093179,-0.4679208322751202,0.5625
18,5,chronoclust,0.3379573562332563,0.1580961731133302,0.31652615534612394,0.4864382954365898,-0.3379573562332563,-0.1580961731133302,-0.31652615534612394,-0.4864382954365898,0.5625
18,73,chronoclust,0.3351070987314519,0.16086000611145207,0.3180583055264929,0.4529891408695959,-0.3351070987314519,-0.16086000611145207,-0.3180583055264929,-0.4529891408695959,0.5625
19,98,chronoclust,0.3109471907225953,0.1320898408305497,0.271038085464548,0.4019688724297773,-0.3109471907225953,-0.1320898408305497,-0.271038085464548,-0.4019688724297773,0.59375
19,39,chronoclust,0.295362520948781,0.139282795473964,0.108660315438862,0.321147248453566,-0.295362520948781,-0.139282795473964,-0.108660315438862,-0.321147248453566,0.59375
20,0,chronoclust,0.2853682703952439,0.09714320828354993,0.189766278874573,0.2920331300626151,-0.2853682703952439,-0.09714320828354993,-0.189766278874573,-0.2920331300626151,0.625
20,17,chronoclust,0.2809277404675401,0.08680838048980542,0.211413122404452,0.2915429087242432,-0.2809277404675401,-0.08680838048980542,-0.211413122404452,-0.2915429087242432,0.625
20,47,chronoclust,0.2675449863603557,0.07671637473093086,0.21158858784996104,0.2624717946376007,-0.2675449863603557,-0.07671637473093086,-0.21158858784996104,-0.2624717946376007,0.625
20,35,chronoclust,0.26044992476788137,0.09048923397242103,0.19108375179568599,0.3098270882915676,-0.26044992476788137,-0.09048923397242103,-0.19108375179568599,-0.3098270882915676,0.625
21,31,chronoclust,0.2746767465472739,0.06709189643238156,0.157550763202365,0.24869938007045625,-0.2746767465472739,-0.06709189643238156,-0.157550763202365,-0.24869938007045625,0.65625
21,18,chronoclust,0.2730987069861891,0.06950559713985151,0.181912636252592,0.2479012607734348,-0.2730987069861891,-0.06950559713985151,-0.181912636252592,-0.2479012607734348,0.65625
21,43,chronoclust,0.26900069727329445,0.06948537913205964,0.182109224699745,0.2430340357552607,-0.26900069727329445,-0.06948537913205964,-0.182109224699745,-0.2430340357552607,0.65625
21,33,chronoclust,0.2687682728418168,0.07256923474810811,0.135804115400454,0.24051534983014514,-0.2687682728418168,-0.07256923474810811,-0.135804115400454,-0.24051534983014514,0.65625
21,34,chronoclust,0.2665418914455576,0.07047929383798178,0.13853723304299698,0.2377625616918773,-0.2665418914455576,-0.07047929383798178,-0.13853723304299698,-0.2377625616918773,0.65625
21,41,chronoclust,0.2557892032735146,0.07041628776331052,0.164047116382466,0.22320719939002154,-0.2557892032735146,-0.07041628776331052,-0.164047116382466,-0.22320719939002154,0.65625
21,4,chronoclust,0.2277514771184264,0.06586458738105068,0.18292358473831602,0.2354198912673185,-0.2277514771184264,-0.06586458738105068,-0.18292358473831602,-0.2354198912673185,0.65625
22,57,chronoclust,0.2713004758584413,0.06533486287798568,0.145682842988105,0.22912275175797736,-0.2713004758584413,-0.06533486287798568,-0.145682842988105,-0.22912275175797736,0.6875
22,12,chronoclust,0.26741042484739497,0.06843903605213046,0.156698557302234,0.2319641870264964,-0.26741042484739497,-0.06843903605213046,-0.156698557302234,-0.2319641870264964,0.6875
22,80,chronoclust,0.25555677884203704,0.07067176565932325,0.133086664343884,0.22121751743618892,-0.25555677884203704,-0.07067176565932325,-0.133086664343884,-0.22121751743618892,0.6875
22,9,chronoclust,0.21966555347596853,0.05442354607193501,0.15376195777153,0.2359407937605187,-0.21966555347596853,-0.05442354607193501,-0.15376195777153,-0.2359407937605187,0.6875
23,51,chronoclust,0.2663583984733385,0.06415764458551643,0.0891245798761752,0.2204388201020644,-0.2663583984733385,-0.06415764458551643,-0.0891245798761752,-0.2204388201020644,0.71875
23,62,chronoclust,0.2660648097177878,0.06707170900717116,0.111199671026388,0.22369509399032245,-0.2660648097177878,-0.06707170900717116,-0.111199671026388,-0.22369509399032245,0.71875
23,85,chronoclust,0.2658568510159394,0.06840459145407032,0.11082131942823001,0.2260851481527459,-0.2658568510159394,-0.06840459145407032,-0.11082131942823001,-0.2260851481527459,0.71875
23,23,chronoclust,0.2627864019474721,0.06832973017107805,0.111462922800279,0.2235411133903356,-0.2627864019474721,-0.06832973017107805,-0.111462922800279,-0.2235411133903356,0.71875
23,52,chronoclust,0.2445105019144433,0.06814913334643401,0.11607777680434699,0.21676961213162288,-0.2445105019144433,-0.06814913334643401,-0.11607777680434699,-0.21676961213162288,0.71875
23,15,chronoclust,0.2257452872888301,0.03877272445297336,0.128754932984504,0.14090806024164165,-0.2257452872888301,-0.03877272445297336,-0.128754932984504,-0.14090806024164165,0.71875
24,76,chronoclust,0.2647314274529952,0.06442409741433952,0.108527453317196,0.219109564383531,-0.2647314274529952,-0.06442409741433952,-0.108527453317196,-0.219109564383531,0.75
24,71,chronoclust,0.25257195982727193,0.06629086098984345,0.0811589968357608,0.21080818792252845,-0.25257195982727193,-0.06629086098984345,-0.0811589968357608,-0.21080818792252845,0.75
24,2,chronoclust,0.2521071109643168,0.0650133842567781,0.108644563500938,0.2141299006246828,-0.2521071109643168,-0.0650133842567781,-0.108644563500938,-0.2141299006246828,0.75
25,25,chronoclust,0.22272376967962126,0.03456201225051661,0.0988774227716107,0.11746179353099775,-0.22272376967962126,-0.03456201225051661,-0.0988774227716107,-0.11746179353099775,0.78125
25,42,chronoclust,0.21932303326115946,0.045974458123349486,0.045268320893190994,0.08349635038268771,-0.21932303326115946,-0.045974458123349486,-0.045268320893190994,-0.08349635038268771,0.78125
25,79,chronoclust,0.21248486182979195,0.0307299523143368,0.10129122444612801,0.08636218747982606,-0.21248486182979195,-0.0307299523143368,-0.10129122444612801,-0.08636218747982606,0.78125
25,55,chronoclust,0.20994042594835285,0.04844271634500233,0.0866577501287803,0.11277688307547022,-0.20994042594835285,-0.04844271634500233,-0.0866577501287803,-0.11277688307547022,0.78125
25,68,chronoclust,0.1861842024783784,0.01434131387571849,0.10155079209492099,0.06712607503275879,-0.1861842024783784,-0.01434131387571849,-0.10155079209492099,-0.06712607503275879,0.78125
26,59,chronoclust,0.2091697554650324,0.03753137283027222,0.0418939040712704,0.06719422474344403,-0.2091697554650324,-0.03753137283027222,-0.0418939040712704,-0.06719422474344403,0.8125
26,58,chronoclust,0.20751831871505988,0.040526630200012265,0.0322551339387954,0.06902746503757103,-0.20751831871505988,-0.040526630200012265,-0.0322551339387954,-0.06902746503757103,0.8125
26,46,chronoclust,0.20613600499100884,0.0339848853842452,0.0903316741862641,0.10684304721985564,-0.20613600499100884,-0.0339848853842452,-0.0903316741862641,-0.10684304721985564,0.8125
27,10,chronoclust,0.20635619655767184,0.03172636508063373,0.0275780877409569,0.05905306953167065,-0.20635619655767184,-0.03172636508063373,-0.0275780877409569,-0.05905306953167065,0.84375
27,30,chronoclust,0.1999461753948157,0.02552938587170005,0.0265979447252307,0.0594167065855646,-0.1999461753948157,-0.02552938587170005,-0.0265979447252307,-0.0594167065855646,0.84375
27,24,chronoclust,0.19862502599483767,0.024189423025587787,0.0474007430596293,0.06475290146875512,-0.19862502599483767,-0.024189423025587787,-0.0474007430596293,-0.06475290146875512,0.84375
27,81,chronoclust,0.1899519248412785,0.017744265612972217,0.0750405256892042,0.04955799548307138,-0.1899519248412785,-0.017744265612972217,-0.0750405256892042,-0.04955799548307138,0.84375
27,60,chronoclust,0.18666128420614825,0.01297365200806665,0.0759209335752718,0.04837452706294263,-0.18666128420614825,-0.01297365200806665,-0.0759209335752718,-0.04837452706294263,0.84375
27,21,chronoclust,0.18658788701726056,0.01609772974593203,0.0685657681547269,0.0505062202351049,-0.18658788701726056,-0.01609772974593203,-0.0685657681547269,-0.0505062202351049,0.84375
27,64,chronoclust,0.18017786585440448,0.010362008414949051,0.0800859130385496,0.04276976779448763,-0.18017786585440448,-0.010362008414949051,-0.0800859130385496,-0.04276976779448763,0.84375
28,86,chronoclust,0.19616622016710086,0.018348003367572405,0.0265048708925587,0.050134344317914366,-0.19616622016710086,-0.018348003367572405,-0.0265048708925587,-0.050134344317914366,0.875
28,19,chronoclust,0.19611728870784248,0.02282843264734816,0.0257738055787931,0.05442045963408402,-0.19611728870784248,-0.02282843264734816,-0.0257738055787931,-0.05442045963408402,0.875
28,97,chronoclust,0.1943435233097239,0.02282533868159586,0.0256691825114442,0.05454234247056936,-0.1943435233097239,-0.02282533868159586,-0.0256691825114442,-0.05454234247056936,0.875
28,22,chronoclust,0.1910773484042228,0.01878088638438862,0.0398741494095288,0.05883187195028361,-0.1910773484042228,-0.01878088638438862,-0.0398741494095288,-0.05883187195028361,0.875
28,92,chronoclust,0.1860251752357885,0.015747564298736288,0.0406004668025392,0.05591768034762326,-0.1860251752357885,-0.015747564298736288,-0.0406004668025392,-0.05591768034762326,0.875
28,44,chronoclust,0.17900351083220178,0.009529992277110386,0.0443227429269531,0.03410046891883292,-0.17900351083220178,-0.009529992277110386,-0.0443227429269531,-0.03410046891883292,0.875
29,27,chronoclust,0.1933526612597404,0.019328348917661213,0.0247289221144109,0.051648891432066114,-0.1933526612597404,-0.019328348917661213,-0.0247289221144109,-0.051648891432066114,0.90625
30,53,chronoclust,0.18710166733947425,0.012590332301623715,0.0223354163131665,0.038365525007744525,-0.18710166733947425,-0.012590332301623715,-0.0223354163131665,-0.038365525007744525,0.9375
30,36,chronoclust,0.1867224485302213,0.014613214987544376,0.0219062314439868,0.044886863101289635,-0.1867224485302213,-0.014613214987544376,-0.0219062314439868,-0.044886863101289635,0.9375
31,87,chronoclust,0.1851933404283949,0.013678845147342735,0.0210973479617132,0.03877536588597071,-0.1851933404283949,-0.013678845147342735,-0.0210973479617132,-0.03877536588597071,0.96875
32,16,chronoclust,0.1829424933025065,0.011888463866673004,0.0200181598906102,0.033881264273654656,-0.1829424933025065,-0.011888463866673004,-0.0200181598906102,-0.033881264273654656,1.0
