param,seed,f1,accuracy,ari,v_measure
66,32,0.543953,0.706346463948399,0.64701094234593,0.8208966742500174
72,32,0.7753257,0.8749520079858711,0.878114018319997,0.8755229174873989
99,32,0.6839038,0.9008964908239269,0.9162477647129633,0.8927247847360233
2,32,0.6924296,0.8497274053597481,0.8673929890183282,0.8622259922259854
3,32,0.583933,0.6806323427781618,0.6310358199991148,0.7953237894019678
98,32,0.7517408,0.8390635798203179,0.8434777443670884,0.8527185509710136
73,32,0.557749,0.7313982953236582,0.672605626370953,0.8360361390613442
67,32,0.7506033,0.8481724641019734,0.8606275888979193,0.8596706474824857
59,32,0.7552341,0.8970187360823159,0.900384334936556,0.8880039482555097
71,32,0.550817,0.7208208554096598,0.6615799672895737,0.8285457505210517
65,32,0.5397947,0.7044459801888966,0.6551165310842451,0.8173251548683624
1,32,0.7388847,0.8636450894571144,0.8663144954581864,0.8588556498803726
64,32,0.5490209,0.718478845120172,0.6594697701487275,0.8296407189549161
70,32,0.7500008,0.877418797512094,0.8933475230139576,0.8787660347306524
58,32,0.4644993,0.7121055056438609,0.6615048679705404,0.824315554580888
74,32,0.47828,0.7361495047224141,0.6898342077035488,0.8479236425467502
60,32,0.6283879,0.7328572525531751,0.6576589145262871,0.828650953384462
48,32,0.4683658,0.7087556630576672,0.6589654711208839,0.8270896003311502
4,32,0.7189978,0.9057820778622437,0.91109290349432,0.8942181358066363
5,32,0.7390424,0.8863261153344083,0.8887258300475718,0.8759545619924627
49,32,0.7804594,0.8748464255547876,0.8676307000019404,0.8723985589894202
61,32,0.553962,0.7236811794517393,0.6703893409678238,0.8311380081072378
75,32,0.7794081,0.880960608154803,0.8810455743717602,0.8699260913771379
63,32,0.7390424,0.8863261153344083,0.8887258300475718,0.8759545619924627
77,32,0.5921614,0.6994836059279735,0.6384030110623288,0.8020318868530796
88,32,0.47828,0.7361495047224141,0.6898342077035488,0.8479236425467502
7,32,0.7350124,0.8372398832834217,0.8226145839663143,0.8415739118286063
6,32,0.5722764,0.723191660907625,0.6697640777471202,0.8213484799995187
89,32,0.766612,0.8758062658373647,0.8715638806549829,0.868039931329402
76,32,0.7011948,0.9133552176917761,0.9201944197734964,0.9001000606990257
62,32,0.5523363,0.7275973278046534,0.6694371829773466,0.834992283299543
39,32,0.4309142,0.7288835137833064,0.6825119234641851,0.8327741918773948
11,32,0.4740147,0.7433099132304385,0.6923271443960215,0.8393317052418139
10,32,0.6835685,0.8512535514090456,0.8400636751302593,0.8526856549384125
38,32,0.7061112,0.9143726483913077,0.9084141924390546,0.8987163372469812
12,32,0.48889,0.7292962451048146,0.6809985917919446,0.832484304397835
13,32,0.4740893,0.7433099132304385,0.69232687531092,0.8389163856661123
17,32,0.6959464,0.8797224141902787,0.8846297842000672,0.8812298046544365
16,32,0.4261764,0.7381363741073486,0.6945463236583821,0.8467024861891546
14,32,0.5989922,0.7317630346310374,0.674328009144366,0.8226750702328617
28,32,0.7073168,0.8693465407356216,0.8671324404510061,0.8768740686005762
29,32,0.5771273,0.7330108269983875,0.6791319071005133,0.83249171434129
15,32,0.7430725,0.8446210550564386,0.8436325110409483,0.8535980703874563
18,32,0.4887672,0.7332603854718575,0.6851806356089992,0.8378422004837888
24,32,0.5581108,0.7228461184058973,0.6600801246510802,0.825016436742982
30,32,0.4832749,0.7303040774015204,0.6828317366265191,0.8338947042458296
31,32,0.7658523,0.8656991476618291,0.8666880764061766,0.8677067952833498
25,32,0.4740893,0.7433099132304385,0.69232687531092,0.8389163856661123
19,32,0.7196141,0.7754261690854641,0.7885840591392934,0.8204548210105628
33,32,0.7699672,0.8506392536281963,0.8445751293761646,0.8610778487828064
27,32,0.7663736,0.8753551409045535,0.8688799517637523,0.8673463356692563
26,32,0.7144938,0.9159755816632112,0.9159041295177874,0.9007958518389967
32,32,0.5373821,0.7303424710128235,0.6813552390431948,0.8325546661029554
36,32,0.4646365,0.7184884435229978,0.6704818639580588,0.8275554227489084
22,32,0.5465716,0.7206672809644475,0.6603066680234793,0.8246863194612737
23,32,0.773102,0.8828706903171313,0.8846881811684653,0.8750674234304378
37,32,0.587634,0.6907298625508715,0.6273803199029677,0.7942115597948424
21,32,0.7621811,0.9292213775627736,0.9368822048661912,0.9078027373753149
35,32,0.7669159,0.8820932196882438,0.877747383741241,0.8736507366018369
34,32,0.4284091,0.7291810642709053,0.6813808792254595,0.8332091230987446
20,32,0.7260295,0.9055901098057283,0.9111108034896315,0.8941790355693847
100,32,0.4683658,0.7087556630576672,0.65896264544769,0.8267779145794066
47,32,0.4718485,0.715436151424403,0.6665700136902535,0.837144607206512
53,32,0.7063941,0.9071066574522,0.9089935603491021,0.8935530364029529
84,32,0.6009371,0.7034861399063196,0.638478958496606,0.8095617329532958
90,32,0.4342476,0.7247274053597481,0.6773810069161712,0.8316127451675598
91,32,0.6919628,0.8830722567764724,0.8886150238369472,0.8783502244308741
85,32,0.477717,0.7218094909007141,0.6720899908264215,0.8333947393728567
52,32,0.4795106,0.7175573984488981,0.6680552829491722,0.8291590937009135
46,32,0.773102,0.8828706903171313,0.8846881811684653,0.8750674234304378
78,32,0.4653914,0.723479612992398,0.6761901255036864,0.8326450524378678
50,32,0.4718485,0.715436151424403,0.6665700136902535,0.837144607206512
44,32,0.4965546,0.7365526376410966,0.6882271856369507,0.8406721665707763
93,32,0.4654398,0.7224717806956923,0.6750202379683028,0.829895448576132
87,32,0.4921449,0.7366294248637026,0.6850115911824866,0.8381274695678823
8,32,0.7819036,0.8852318974122706,0.8865678163417222,0.8815156113161517
9,32,0.5513771,0.7290562850341703,0.6764869633189278,0.8296559692341235
86,32,0.7732378,0.8540466866313445,0.8491081043914461,0.8520105924602999
92,32,0.5771273,0.7330108269983875,0.6791319071005133,0.83249171434129
45,32,0.6070435,0.7018544114259387,0.634021366994194,0.8084674351796493
51,32,0.7537756,0.8834369960838516,0.87510867936111,0.8749029282721223
79,32,0.701577,0.8732434922828841,0.8880348130028716,0.8748238904390384
55,32,0.4738706,0.7138140213468479,0.6639943837598734,0.8304200060394074
41,32,0.4738227,0.7132861091914305,0.6640544832762332,0.830080814361239
69,32,0.6901015,0.881882054826077,0.8869814903870158,0.8723991051277532
96,32,0.5540726,0.725524072794287,0.6661358484744099,0.8339181395809608
82,32,0.5437103,0.7271653996774937,0.6701557248867412,0.8285218948237421
83,32,0.6041298,0.7119039391845197,0.640568185518045,0.8135778550091131
97,32,0.4772749,0.7348537203409353,0.6878675590733278,0.8467885430784641
68,32,0.5548265,0.7363798663902327,0.6785901201069746,0.8382479715134926
40,32,0.7187488,0.9057916762650695,0.911139866622707,0.8946844514409382
54,32,0.4137358,0.7182484834523535,0.6715825178020969,0.8373132589415817
42,32,0.5397947,0.7044459801888966,0.6551165310842451,0.8173251548683624
56,32,0.6892467,0.8775915687629579,0.8835030135693629,0.87709963477241
81,32,0.7747828,0.8619365737541274,0.8604019025284182,0.8584613839001618
95,32,0.5492493,0.7284803808646241,0.6716906262306688,0.8317011873541706
94,32,0.5664905,0.7251881286953851,0.6682161948164457,0.8256116421892369
80,32,0.5996453,0.7059337326268909,0.6438966504245854,0.8128930001646466
57,32,0.5569018,0.7371381402134685,0.6793056233300583,0.839922066074998
43,32,0.7362885,0.8792904860631191,0.8779445041189164,0.8744271745178847
